ASX Code,Date,Price sens.,Headline
DBO,02/09/2026  8:28 am,,Maiden Drilling - Utah High-Grade Silver- Antimony Prospect  7  pages  657.5KB
ICU,02/09/2026  8:28 am,,Preliminary Final Report  19  pages  603.0KB
CR3,02/09/2026  8:27 am,,Transformational Earn-In Agreement executed  31  pages  3.5MB
CYB,02/09/2026  8:27 am,Â,Update on Payment for Outstanding Placement Subscription  2  pages  1.1MB
HZR,02/09/2026  8:26 am,Â,Corporate Presentation  17  pages  2.8MB
WHF,02/09/2026  8:26 am,Â,Update - Notification of buy-back - WHF  6  pages  18.2KB
AMA,02/09/2026  8:26 am,Â,Change of Director's Interest Notice  2  pages  240.9KB
MC2,02/09/2026  8:25 am,Â,Marimaca Copper - September Corporate Presentation  46  pages  9.6MB
MC2,02/09/2026  8:24 am,Â,Marimaca Appointments Nicole Porcile as Independent Director  2  pages  121.9KB
SIQ,02/09/2026  8:24 am,Â,Board changes  1  page  139.1KB
SPD,02/09/2026  8:24 am,Â,Southern Palladium Presents to Africa Down Under  26  pages  3.0MB
STO,02/09/2026  8:24 am,Â,Change in substantial holding  123  pages  10.6MB
FLT,02/09/2026  8:24 am,Â,Update - Notification of buy-back - FLT  6  pages  18.4KB
APE,02/09/2026  8:24 am,Â,Update - Notification of buy-back - APE  6  pages  18.2KB
WEB,02/09/2026  8:24 am,Â,Update - Notification of buy-back - WEB  6  pages  18.4KB
BOL,02/09/2026  8:24 am,Â,Update - Notification of buy-back - BOL  6  pages  18.2KB
IFN,02/09/2026  8:24 am,Â,Update - Notification of buy-back - IFN  6  pages  18.3KB
GAS,02/09/2026  8:23 am,Â,Application for quotation of securities - GAS  6  pages  18.3KB
IFN,02/09/2026  8:23 am,Â,Notification of cessation of securities - IFN  4  pages  14.9KB
IFN,02/09/2026  8:23 am,Â,Notification of cessation of securities - IFN  4  pages  14.9KB
PXR,02/09/2026  8:23 am,,Additional Dogwood Assays confirm New High-Grade Copper Zone  15  pages  1.4MB
TLS,02/09/2026  8:23 am,Â,Telstra releases external expert findings on July outage  2  pages  189.1KB
COH,02/09/2026  8:23 am,Â,Change in substantial holding  33  pages  2.4MB
CGS,02/09/2026  8:22 am,Â,Application for quotation of securities - CGS  9  pages  28.0KB
KAR,02/09/2026  8:22 am,Â,Update - Notification of buy-back - KAR  6  pages  18.2KB
ANN,02/09/2026  8:22 am,Â,Update - Dividend/Distribution - ANN  5  pages  19.0KB
RMD,02/09/2026  8:22 am,Â,Accelerated Share Repurchase Agreement Announcement  3  pages  118.7KB
MNB,02/09/2026  8:22 am,,"BFA Financing Update, Construction and Mining Progress  3  pages  475.0KB"
HIO,02/09/2026  8:22 am,Â,2026 AGM and closing date for Director nominations  1  page  103.0KB
HLI,02/09/2026  8:21 am,Â,Update - Notification of buy-back - HLI  6  pages  18.4KB
WJL,02/09/2026  8:21 am,Â,Update - Notification of buy-back - WJL  6  pages  18.3KB
ALL,02/09/2026  8:21 am,Â,Update - Notification of buy-back - ALL  6  pages  18.3KB
PL3,02/09/2026  8:21 am,Â,Director Appointment  2  pages  231.2KB
OR3,02/09/2026  8:21 am,Â,Application for quotation of securities - OR3  6  pages  18.6KB
OR3,02/09/2026  8:21 am,,Miriam Tenure Consolidation Completed & Cleansing Statement  8  pages  2.7MB
STK,02/09/2026  8:21 am,,MD and Chair Transition as Rogozna Enters Next Phase  2  pages  483.0KB
XYZ,02/09/2026  8:20 am,Â,Notice of Proposed Sale of Securities  7  pages  296.5KB
NWS,02/09/2026  8:20 am,Â,Appendix 3C  4  pages  76.2KB
NWS,02/09/2026  8:20 am,Â,Appendix 3C  4  pages  76.2KB
TNC,02/09/2026  8:20 am,,Mt Oxide Discovery Grows to 2.3km with New Chidna Zone  37  pages  4.3MB
LM1,02/09/2026  8:20 am,Â,Change in substantial holding  4  pages  153.1KB
LM1,02/09/2026  8:20 am,Â,Change in substantial holding from FRS  2  pages  221.2KB
FRS,02/09/2026  8:20 am,Â,Change in substantial holding for LM1  2  pages  221.2KB
ART,02/09/2026  8:18 am,Â,Change of Director's Interest Notice - T Fung  4  pages  131.7KB
GNG,02/09/2026  8:18 am,Â,Share Purchase Plan Opens and SPP Offer Booklet  24  pages  504.1KB
AAI,02/09/2026  8:18 am,Â,Change of Officer's Interest Notice  2  pages  10.5KB
TNC,02/09/2026  8:18 am,Â,Change in substantial holding  3  pages  276.0KB
GNG,02/09/2026  8:18 am,Â,Cleansing Notice  1  page  109.8KB
CDA,02/09/2026  8:18 am,Â,Notification regarding unquoted securities - CDA  7  pages  20.9KB
CAA,02/09/2026  8:17 am,Â,Update - Notification of buy-back - CAA  6  pages  18.2KB
BRK,02/09/2026  8:17 am,,Brookside Completes Producing Property Acquisition  4  pages  374.7KB
BST,02/09/2026  8:17 am,Â,BST Company Update Webinar Registration  2  pages  1.6MB
JIN,02/09/2026  8:17 am,Â,Update - Notification of buy-back - JIN  6  pages  18.3KB
PLC,02/09/2026  8:16 am,,Targeted Drilling to Commence at Rochefort Gold Prospect  7  pages  757.4KB
BXB,02/09/2026  8:16 am,Â,Update - Notification of buy-back - BXB  6  pages  18.5KB
LGI,02/09/2026  8:16 am,Â,Chairman and Non-Executive Director Transition  3  pages  226.1KB
PXX,02/09/2026  8:16 am,,Drilling hits massive sulphides with visible chalcopyrite  31  pages  7.3MB
TLX,02/09/2026  8:16 am,Â,Telix Completes Enrollment in Phase 3 BiPASS Study  3  pages  211.3KB
CDA,02/09/2026  8:16 am,Â,Change of Director's Interest Notice  2  pages  389.9KB
GMD,02/09/2026  8:16 am,Â,Ceasing to be a substantial holder  35  pages  1.9MB
CDA,02/09/2026  8:16 am,Â,Change of Director's Interest Notice  2  pages  388.3KB
CLA,02/09/2026  8:16 am,,Corporate Update  3  pages  191.4KB
LRM,02/09/2026  8:15 am,,High-Grade Rare Earths Discovery from Surface at Minta  14  pages  1.4MB
CDA,02/09/2026  8:15 am,Â,Change of Director's Interest Notice  2  pages  389.6KB
CUV,02/09/2026  8:15 am,Â,Ceasing to be a substantial holder  3  pages  257.3KB
S32,02/09/2026  8:15 am,Â,Update - Notification of buy-back - S32  6  pages  18.3KB
10X,02/09/2026  8:15 am,,Black Hammer Advances with Three Priority Cu-Au Targets  22  pages  1.7MB
MRT,02/09/2026  8:15 am,,BSPH Progress Update  8  pages  2.5MB
KAO,02/09/2026  8:15 am,,Visual Copper Mineralisation Intersected in First Holes  29  pages  6.2MB
ENR,02/09/2026  8:15 am,,Drilling Commenced at Jessica Copper Project  5  pages  1.2MB
PGD,02/09/2026  8:14 am,Â,Allan Kneeshaw Appointed Technical Advisor Mallina  2  pages  864.3KB
MEK,02/09/2026  8:14 am,,Processing Plant Achieves Nameplate Throughput at 600ktpa  2  pages  747.1KB
S32,02/09/2026  8:14 am,Â,AAI: Form S-4 Registration Statement  347  pages  1.3MB
AAI,02/09/2026  8:14 am,Â,Form S-4 Registration Statement  347  pages  1.3MB
FHE,02/09/2026  8:14 am,Â,Investor Presentation  22  pages  5.5MB
MEI,02/09/2026  8:14 am,Â,Half Yearly Report and Accounts  36  pages  2.6MB
CZR,02/09/2026  8:14 am,Â,Change in substantial holding for ZAG  5  pages  367.8KB
ZAG,02/09/2026  8:14 am,Â,Change in substantial holding from CZR  5  pages  367.8KB
TMB,02/09/2026  8:13 am,Â,Bryah Gold Drilling Completed  6  pages  1.4MB
MST,02/09/2026  8:13 am,Â,Monthly redemptions and units on issue Aug 2026  1  page  114.7KB
KAL,02/09/2026  8:13 am,,RC program defines high-grades and new targets at Lighthorse  25  pages  3.1MB
DRE,02/09/2026  8:13 am,,"Air Core Drilling Commenced at Black Oak, Illaara Gold  8  pages  1.7MB"
GA8,02/09/2026  8:12 am,Â,Presentation - Sydney Mining Club Leading Edge  24  pages  5.9MB
TMX,02/09/2026  8:12 am,,Larin's Lane 80% plus REE Recovery & Gallium/Scandium Upside  20  pages  1.8MB
GPR,02/09/2026  8:12 am,,Significant High-Grade Gold Intercepts Extend Mineralisation  31  pages  3.2MB
AGC,02/09/2026  8:12 am,,High Grade Gold Silver Base Metals Discovery at Evergreen  17  pages  2.0MB
PFG,02/09/2026  8:11 am,Â,Application for quotation of securities - PFG  6  pages  18.7KB
EV1,02/09/2026  8:11 am,,Results from natural graphite test work from Chilalo Deposit  4  pages  773.3KB
STW,02/09/2026  8:11 am,Â,Daily Fund Update  9  pages  182.7KB
SLF,02/09/2026  8:11 am,Â,Daily Fund Update  4  pages  77.1KB
SFY,02/09/2026  8:11 am,Â,Daily Fund Update  4  pages  79.9KB
FRI,02/09/2026  8:11 am,Â,Change of Director's Interest Notice - MC  2  pages  197.1KB
FRI,02/09/2026  8:11 am,Â,Change of Director's Interest Notice - RC  2  pages  197.3KB
FRI,02/09/2026  8:10 am,Â,Change of Director's Interest Notice - JC  2  pages  197.4KB
AWJ,02/09/2026  8:10 am,Â,Half-Year Results - $28 Million Profit Before Tax  23  pages  19.0MB
AFG,02/09/2026  8:10 am,Â,Change of Director's Interest Notice  3  pages  379.1KB
MCY,02/09/2026  7:40 am,Â,Executive Leadership Changes  1  page  136.9KB
GNE,02/09/2026  7:30 am,Â,Genesis secures additional gas to strengthen fuel portfolio  2  pages  285.3KB
